Category,Subcategory,Card,Points,Status
US Plates,,Alabama,5,
US Plates,,Alaska,5,
US Plates,,Arizona,5,
US Plates,,Arkansas,5,
US Plates,,California,5,
US Plates,,Colorado,5,
US Plates,,Connecticut,5,
US Plates,,Delaware,5,
US Plates,,Washington DC,5,
US Plates,,Florida,5,
US Plates,,Georgia,5,
US Plates,,Hawaii,5,
US Plates,,Idaho,5,
US Plates,,Illinois,5,
US Plates,,Indiana,5,
US Plates,,Iowa,5,
US Plates,,Kansas,5,
US Plates,,Kentucky,5,
US Plates,,Louisiana,5,
US Plates,,Maine,5,
US Plates,,Maryland,5,
US Plates,,Massachusetts,5,
US Plates,,Michigan,5,
US Plates,,Minnesota,5,
US Plates,,Mississippi,5,
US Plates,,Missouri,5,
US Plates,,Montana,5,
US Plates,,Nebraska,5,
US Plates,,Nevada,5,
US Plates,,New Hampshire,5,
US Plates,,New Jersey,5,
US Plates,,New Mexico,5,
US Plates,,New York,5,
US Plates,,North Carolina,5,
US Plates,,North Dakota,5,
US Plates,,Ohio,5,
US Plates,,Oklahoma,5,
US Plates,,Oregon,5,
US Plates,,Pennsylvania,5,
US Plates,,Rhode Island,5,
US Plates,,South Carolina,5,
US Plates,,South Dakota,5,
US Plates,,Tennessee,5,
US Plates,,Texas,5,
US Plates,,Utah,5,
US Plates,,Vermont,5,
US Plates,,Virginia,5,
US Plates,,Washington,5,
US Plates,,West Virginia,5,
US Plates,,Wisconsin,5,
US Plates,,Wyoming,5,
Other Plates,Canada,Ontario,10,
Other Plates,Canada,Quebec,10,
Other Plates,Canada,British Columbia,10,
Other Plates,Canada,Alberta,10,
Other Plates,Canada,Manitoba,10,
Other Plates,Canada,Saskatchewan,10,
Other Plates,Canada,Nova Scotia,10,
Other Plates,Canada,New Brunswick,10,
Other Plates,Canada,Newfoundland and Labrador,10,
Other Plates,Canada,Prince Edward Island,10,
Other Plates,Canada,Yukon,10,
Other Plates,Canada,Northwest Territories,10,
Other Plates,Canada,Nunavut,10,
Other Plates,Mexico & Territories,Mexico - any state,15,
Other Plates,Mexico & Territories,Puerto Rico,25,
Other Plates,Mexico & Territories,US Virgin Islands,50,
Emergency,Police,Police - lights off,5,
Emergency,Police,Police - lights & siren,10,
Emergency,Police,Police - car pulled over,10,
Emergency,Ambulance,Ambulance - lights off,5,
Emergency,Ambulance,Ambulance - lights & siren,10,
Emergency,Fire,Fire truck - lights off,5,
Emergency,Fire,Fire truck - lights & siren,10,
Vehicles,Cars & Motorcycles,Motorcycle - standard,5,
Vehicles,Cars & Motorcycles,Motorcycle - 3-wheeled,10,
Vehicles,Cars & Motorcycles,Motorcycle - with sidecar,25,
Vehicles,Cars & Motorcycles,Dirt bike,5,
Vehicles,Cars & Motorcycles,ATV,10,
Vehicles,Cars & Motorcycles,Convertible - top down,10,
Vehicles,Cars & Motorcycles,Jeep - top down,10,
Vehicles,Cars & Motorcycles,Jeep - doors off,25,
Vehicles,Cars & Motorcycles,Classic VW Beetle,15,
Vehicles,Cars & Motorcycles,Classic VW Microbus,15,
Vehicles,Cars & Motorcycles,Barcycle/party bike,15,
Vehicles,Trucks & Vans,Delivery van,5,
Vehicles,Trucks & Vans,Mail truck,5,
Vehicles,Trucks & Vans,Garbage truck,5,
Vehicles,Trucks & Vans,Dump truck,5,
Vehicles,Trucks & Vans,Cement mixer,5,
Vehicles,Trucks & Vans,Tanker/oil truck,5,
Vehicles,Trucks & Vans,Tow truck,5,
Vehicles,Trucks & Vans,Car carrying truck,5,
Vehicles,Trucks & Vans,Construction vehicle,5,
Vehicles,Trucks & Vans,Log truck,10,
Vehicles,Trucks & Vans,Tandem truck,10,
Vehicles,Trucks & Vans,Semi - with trailer,5,
Vehicles,Trucks & Vans,Semi - without trailer,15,
Vehicles,Trucks & Vans,Food truck,10,
Vehicles,Trucks & Vans,Ice cream truck,15,
Vehicles,Trucks & Vans,Armored truck,15,
Vehicles,Trucks & Vans,Military vehicle,15,
Vehicles,Buses,School bus,5,
Vehicles,Buses,City bus,5,
Vehicles,Buses,Shuttle bus,5,
Vehicles,Buses,Coach/charter bus,5,
Vehicles,Towing & Trailers,Boat on trailer,5,
Vehicles,Towing & Trailers,Jet ski on trailer,5,
Vehicles,Towing & Trailers,Boat trailer - no boat,15,
Vehicles,Towing & Trailers,Camper trailer,5,
Vehicles,Towing & Trailers,Airstream trailer,10,
Vehicles,Towing & Trailers,RV/motorhome,5,
Vehicles,Towing & Trailers,Horse trailer,10,
Vehicles,Towing & Trailers,Modular home being towed,20,
Vehicles,Towing & Trailers,Oversize/wide load,15,
Vehicles,Gear & Racks,Bike rack - loaded,5,
Vehicles,Gear & Racks,Bike rack - empty,5,
Vehicles,Gear & Racks,Roof cargo box,5,
Vehicles,Gear & Racks,Kayak,5,
Vehicles,Gear & Racks,Canoe,5,
Vehicles,Gear & Racks,Mattress on roof,10,
Vehicles,"Air, Rail & Water",Plane,5,
Vehicles,"Air, Rail & Water",Plane - banner in tow,15,
Vehicles,"Air, Rail & Water",Helicopter,15,
Vehicles,"Air, Rail & Water",Train,5,
Vehicles,"Air, Rail & Water",Barge,10,
Vehicles,Quirks & Damage,Car on side of highway,10,
Vehicles,Quirks & Damage,Car missing spare tire,20,
Vehicles,Quirks & Damage,Car driving on spare tire,15,
Vehicles,Quirks & Damage,Missing headlight,5,
Vehicles,Quirks & Damage,Missing taillight,5,
Vehicles,Quirks & Damage,Mismatched door color,15,
Vehicles,Quirks & Damage,Mismatched hood color,15,
Vehicles,Quirks & Damage,Trunk tied down,15,
Vehicles,Quirks & Damage,Gas tank door open,15,
Vehicles,Custom & Cosmetic,Racing stripe,15,
Vehicles,Custom & Cosmetic,Flames (paint),15,
Vehicles,Custom & Cosmetic,Ground effects/neon lighting,15,
Vehicles,Custom & Cosmetic,Temporary license plate,5,
Vehicles,Custom & Cosmetic,Sports-themed license plate,5,
Car Colors,Common,White,1,
Car Colors,Common,Black,1,
Car Colors,Common,Gray/Silver,1,
Car Colors,Common,Blue,1,
Car Colors,Common,Red,1,
Car Colors,Common,Green,1,
Car Colors,Common,Brown/Tan,1,
Car Colors,Common,Yellow,1,
Car Colors,Rare,Orange,5,
Car Colors,Rare,Purple,5,
Car Colors,Rare,Gold,5,
Car Colors,Rare,Turquoise/Teal,5,
Car Colors,Rare,Fuchsia/Pink,5,
Car Colors,Rare,Lime/Bright green,5,
Car Colors,Rare,Multi-color,10,
Rare Vehicles,Exotic & Luxury,Ferrari,25,
Rare Vehicles,Exotic & Luxury,Lamborghini,25,
Rare Vehicles,Exotic & Luxury,Bentley,25,
Rare Vehicles,Exotic & Luxury,Rolls-Royce,25,
Rare Vehicles,Exotic & Luxury,Aston Martin,25,
Rare Vehicles,Exotic & Luxury,McLaren,50,
Rare Vehicles,Unusual & Novelty,Limo,15,
Rare Vehicles,Unusual & Novelty,Golf cart,15,
Rare Vehicles,Unusual & Novelty,Hearse,25,
Rare Vehicles,Unusual & Novelty,Slingshot,25,
Rare Vehicles,Unusual & Novelty,Cybertruck,25,
Rare Vehicles,Unusual & Novelty,Monster truck,50,
Rare Vehicles,Unusual & Novelty,Amish horse & buggy,50,
Rare Vehicles,Unusual & Novelty,DeLorean,100,
Other Cars,Bumper Stickers & Decals,Family stick-figure,5,
Other Cars,Bumper Stickers & Decals,Sports team,5,
Other Cars,Bumper Stickers & Decals,Baby on board,5,
Other Cars,Bumper Stickers & Decals,College/university,5,
Other Cars,Bumper Stickers & Decals,Political,5,
Other Cars,Bumper Stickers & Decals,Pet paw print,5,
Other Cars,Bumper Stickers & Decals,State pride (ex. I <3 NY),5,
Other Cars,Bumper Stickers & Decals,Military/veteran,5,
Other Cars,Bumper Stickers & Decals,Religious symbol,5,
Other Cars,Bumper Stickers & Decals,Disney,5,
Other Cars,Bumper Stickers & Decals,Band/music,5,
Other Cars,Bumper Stickers & Decals,'Coexist',5,
Other Cars,Bumper Stickers & Decals,Marathon (13.1 / 26.2),5,
Other Cars,Bumper Stickers & Decals,Makes you laugh,5,
Other Cars,Bumper Stickers & Decals,Makes you upset,5,
Other Cars,Bumper Stickers & Decals,'Honk if...',5,
Other Cars,Bumper Stickers & Decals,'I brake for...',5,
Other Cars,Bumper Stickers & Decals,'My other car is...',5,
Other Cars,Bumper Stickers & Decals,'Got ___?',5,
Other Cars,Dashboard & Mirror,Fuzzy dice,5,
Other Cars,Dashboard & Mirror,Rubber ducky,5,
Other Cars,Dashboard & Mirror,Waving cat,5,
Other Cars,Dashboard & Mirror,Rosary beads,5,
Other Cars,Dashboard & Mirror,Flower,5,
Other Cars,Dashboard & Mirror,Hawaiian lei,5,
Other Cars,Windows & Glass,Sun shield in car,5,
Other Cars,Windows & Glass,Marker window writing,5,
Other Cars,People & Gestures,Stranger waves back,15,
Other Cars,People & Gestures,Truck driver honks back,10,
Other Cars,People & Gestures,Someone sleeping in another car,5,
Other Cars,People & Gestures,Feet on the dash,5,
Other Cars,People & Gestures,Car blasting music,5,
Other Cars,People & Gestures,Dog with head out window,5,
Wildlife,Farm & Domestic,Cow,5,
Wildlife,Farm & Domestic,Horse,5,
Wildlife,Farm & Domestic,Goat,5,
Wildlife,Farm & Domestic,Sheep,5,
Wildlife,Farm & Domestic,Cat,5,
Wildlife,Common,Squirrel,5,
Wildlife,Common,Rabbit,5,
Wildlife,Common,Raccoon,10,
Wildlife,Common,Possum,10,
Wildlife,Common,Deer,10,
Wildlife,Common,Wild turkey,10,
Wildlife,Birds,Seagull,5,
Wildlife,Birds,Pigeon,5,
Wildlife,Birds,Hawk/eagle,10,
Wildlife,Rare,Llama/alpaca,15,
Wildlife,Rare,Fox,15,
Wildlife,Rare,Elk,20,
Wildlife,Rare,Moose,25,
Wildlife,Rare,Bear,30,
Water,,Lake,5,
Water,,Pond,5,
Water,,River,5,
Water,,Stream/creek,5,
Water,,Reservoir,5,
Water,,Marsh/swamp,5,
Water,,Canal,5,
Water,,Ocean,5,
Places,Farm & Rural,Barn,5,
Places,Farm & Rural,Silo,5,
Places,Farm & Rural,Cornfield,5,
Places,Farm & Rural,Farm stand,10,
Places,Farm & Rural,Grain elevator,5,
Places,Farm & Rural,Vineyard,5,
Places,Farm & Rural,Orchard,5,
Places,Farm & Rural,Windmill/turbine,5,
Places,Road Infrastructure,Bridge,5,
Places,Road Infrastructure,Covered bridge,15,
Places,Road Infrastructure,Tunnel,5,
Places,Road Infrastructure,Toll booth,5,
Places,Road Infrastructure,State welcome sign,5,
Places,Road Infrastructure,Water tower,5,
Places,Road Infrastructure,Drawbridge - closed,10,
Places,Road Infrastructure,Drawbridge - open,15,
Places,Scenic & Historic,Scenic overlook,5,
Places,Scenic & Historic,Historical marker or sign,5,
Places,Scenic & Historic,Waterfall,15,
Places,Scenic & Historic,Lighthouse,15,
Places,Scenic & Historic,Ferry,15,
Places,Scenic & Historic,Drive-in movie theater,25,
Places,Schools & Community,Elementary school,5,
Places,Schools & Community,Middle school,5,
Places,Schools & Community,High school,5,
Places,Schools & Community,College/university,15,
Places,Schools & Community,Daycare,5,
Places,Schools & Community,Public park,5,
Places,Schools & Community,Community garden,10,
Places,Schools & Community,Playground,5,
Places,Schools & Community,Cemetery,5,
Places,Sports & Recreation,Sports stadium/arena,10,
Places,Sports & Recreation,Baseball field,5,
Places,Sports & Recreation,Football field,5,
Places,Sports & Recreation,Soccer field,5,
Places,Sports & Recreation,Basketball court,5,
Places,Sports & Recreation,Tennis/pickleball court,5,
Places,Sports & Recreation,Golf course,5,
Places,Sports & Recreation,Mini golf course,10,
Places,Sports & Recreation,Driving range,5,
Places,Sports & Recreation,Campground,10,
Places,Sports & Recreation,State park,10,
Places,Sports & Recreation,National park,25,
Places,Attractions & Entertainment,Amusement park,15,
Places,Attractions & Entertainment,Water park,15,
Places,Attractions & Entertainment,Aquarium,10,
Places,Attractions & Entertainment,Museum,10,
Places,Attractions & Entertainment,Zoo,10,
Places,Attractions & Entertainment,Casino,5,
Places,Attractions & Entertainment,Town carnival or fair,10,
Places,Everyday Stops,Gas station,5,
Places,Everyday Stops,Rest stop,5,
Places,Everyday Stops,Mall,5,
Places,Everyday Stops,Car dealership,5,
Places,Everyday Stops,Storage facility,5,
Places,Everyday Stops,Brewery,5,
Places,Everyday Stops,Porta potty,5,
Places,Everyday Stops,Park and ride,5,
Places,Everyday Stops,Weigh station,5,
Places,Transit & Civic,Train station,5,
Places,Transit & Civic,Bus station,5,
Places,Transit & Civic,Police station,5,
Places,Transit & Civic,Fire station,5,
Places,Structures & Roads,Abandoned building,5,
Places,Structures & Roads,House for sale,5,
Places,Structures & Roads,Political lawn sign,5,
Places,Structures & Roads,Smoke stacks,5,
Places,Structures & Roads,Pool - above ground,5,
Places,Structures & Roads,Pool - in-ground,5,
Places,Structures & Roads,Dirt road,10,
Places,Structures & Roads,Cobblestone road,10,
Signs,Exits & Markers,1-digit exit sign,5,
Signs,Exits & Markers,2-digit exit sign,5,
Signs,Exits & Markers,3-digit exit sign,5,
Signs,Exits & Markers,Exit 67,5,
Signs,Exits & Markers,Mile marker 123,10,
Signs,Exits & Markers,Someone's birthday exit number,15,
Signs,Interstates,Even interstate number,5,
Signs,Interstates,Odd interstate number,5,
Signs,Road Features,Grooved road,10,
Signs,Road Features,Hill grade warning sign,15,
Signs,Road Features,Construction zone,5,
Signs,Road Features,Train tracks,5,
Signs,Road Features,Drive through a state capital,25,
Signs,Word Play,Real word spelled out on a plate,10,
Signs,Word Play,Unnecessary apostrophe on a sign,5,
Signs,Word Play,Same name as someone in the car,5,
Town Names,Directions,North,5,
Town Names,Directions,South,5,
Town Names,Directions,East,5,
Town Names,Directions,West,5,
Town Names,Descriptors,Old,5,
Town Names,Descriptors,New,5,
Town Names,Descriptors,Point,5,
Town Names,Endings,-ville,5,
Town Names,Endings,-boro/-borough,5,
Town Names,Endings,-town/-ton/-towne,5,
Town Names,Endings,-bury/-berry,5,
Town Names,Endings,-field,5,
Town Names,Endings,-bridge,5,
Town Names,Endings,-valley,5,
Town Names,Endings,-falls,5,
Town Names,Endings,-lane,5,
Town Names,Wildcard,Same town name in a different state,5,
Street Types,Very Common,Street,5,
Street Types,Very Common,Road,5,
Street Types,Very Common,Drive,5,
Street Types,Very Common,Avenue,5,
Street Types,Very Common,Lane,5,
Street Types,Very Common,Court,5,
Street Types,Very Common,Boulevard,5,
Street Types,Very Common,Way,5,
Street Types,Very Common,Place,5,
Street Types,Very Common,Circle,5,
Street Types,Common,Terrace,10,
Street Types,Common,Trail,10,
Street Types,Common,Highway,10,
Street Types,Common,Parkway,10,
Street Types,Common,Loop,10,
Street Types,Common,Square,10,
Street Types,Common,Crossing,10,
Street Types,Common,Ridge,10,
Street Types,Common,Run,10,
Street Types,Common,Landing,10,
Street Types,Common,Bend,10,
Street Types,Less Common,Pike/Turnpike,15,
Street Types,Less Common,Expressway,15,
Street Types,Less Common,Freeway,15,
Street Types,Less Common,Alley,15,
Street Types,Less Common,Crescent,15,
Street Types,Less Common,Walk,15,
Street Types,Less Common,Point/Pointe,15,
Street Types,Less Common,Grove,15,
Street Types,Less Common,Glen,15,
Street Types,Less Common,Hollow,15,
Street Types,Less Common,Pass,15,
Street Types,Less Common,Row,15,
Street Types,Less Common,Cove,15,
Street Types,Less Common,Extension,15,
Street Types,Less Common,Plaza,15,
Speed Limits,,5,5,
Speed Limits,,10,5,
Speed Limits,,15,5,
Speed Limits,,20,5,
Speed Limits,,25,5,
Speed Limits,,30,5,
Speed Limits,,35,5,
Speed Limits,,40,5,
Speed Limits,,45,5,
Speed Limits,,50,5,
Speed Limits,,55,5,
Speed Limits,,60,5,
Speed Limits,,65,5,
Speed Limits,,70,5,
Speed Limits,,75,10,
Speed Limits,,80,10,
Oddities,,Trash on the side of the road,5,
Oddities,,Furniture on the side of the road,5,
Oddities,,Tire on the side of the road,5,
Oddities,,Tire skid marks,5,
Oddities,,Graffiti,5,
Oddities,,Homemade sign on a bridge,5,
Oddities,,Roadside cross,5,
Sounds,,Car beeping,5,
Sounds,,Truck air brakes,5,
Sounds,,Train horn,5,
Sounds,,Church bells,5,
Sounds,,Rumble strips,5,
Sounds,,Loud motorcycle pipes,5,
Family,The Classics,'Are we there yet?',5,
Family,The Classics,'I'm hungry',5,
Family,The Classics,'Can we have a snack?',5,
Family,The Classics,'I have to pee',5,
Family,The Classics,'I'm tired',5,
Family,The Classics,'I'm bored',5,
Family,The Classics,'What can I do?',5,
Family,Sounds & Smells,Fart - loud,5,
Family,Sounds & Smells,Fart - stinky,5,
Family,Sounds & Smells,Burp,5,
Family,Sounds & Smells,Sneeze,5,
Family,Sounds & Smells,Snoring in the car,5,
Family,Sounds & Smells,Cow manure smell,5,
Family,Sounds & Smells,Skunk smell,5,
Family,Car Life,Falling asleep in the car,5,
Family,Car Life,Food falls on the floor,5,
Family,Car Life,Toy/activity falls on the floor,5,
Family,Car Life,Urgent bathroom break,5,
Weather,,Rain,5,
Weather,,Snow,10,
Weather,,Lightning,10,
Weather,,Thunder,10,
Weather,,Sunrise,15,
Weather,,Sunset,15,
Weather,,Rainbow,25,
Billboards,,Lawyer billboard,5,Hidden
Billboards,,Jesus billboard,5,Hidden
